City_ID,City,Lat,Lng,Max Temp,Humidity,Cloudiness,Wind Speed,Country,Date
0,narrabri,-30.3167,149.7833,20.85,61,1,1.34,AU,1701701263
1,xinyuan,37.3,99.0,-8.96,46,0,2.75,CN,1701701264
2,iqaluit,63.7506,-68.5145,-6.15,79,100,4.12,CA,1701701264
3,grytviken,-54.2811,-36.5092,2.09,66,26,5.77,GS,1701701265
4,blackmans bay,-43.0167,147.3167,13.74,84,31,0.89,AU,1701701266
5,punta arenas,-53.15,-70.9167,12.06,66,0,9.26,CL,1701701014
6,saipan,15.1355,145.701,27.39,78,40,7.72,MP,1701701267
7,qaqortoq,60.7167,-46.0333,-3.24,69,100,4.66,GL,1701701267
8,kerikeri,-35.2268,173.9474,18.28,92,100,1.68,NZ,1701701268
9,port-aux-francais,-49.35,70.2167,4.14,73,17,13.58,TF,1701701269
10,hawaiian paradise park,19.5933,-154.9731,21.69,97,75,2.06,US,1701701269
11,bilibino,68.0546,166.4372,-25.3,100,100,1.02,RU,1701701270
12,castillos,-34.1667,-53.8333,18.49,45,0,5.18,UY,1701701271
13,dunedin,-45.8742,170.5036,8.78,74,89,1.87,NZ,1701701271
14,turpan,42.9333,89.1667,4.07,40,100,0.85,CN,1701701272
15,choele choel,-39.2667,-65.6833,24.43,13,0,6.6,AR,1701701273
16,adamstown,-25.066,-130.1015,22.17,81,17,5.74,PN,1701701274
17,west island,-12.1568,96.8225,26.99,78,40,4.12,CC,1701701274
18,st. john's,47.5649,-52.7093,1.55,89,100,5.14,CA,1701701275
19,flin flon,54.7682,-101.865,-8.09,86,100,1.03,CA,1701701276
20,petropavlovsk-kamchatsky,53.0452,158.6483,-7.53,76,75,3.58,RU,1701701277
21,ilulissat,69.2167,-51.1,-6.99,68,75,0.0,GL,1701701277
22,hithadhoo,-0.6,73.0833,28.03,77,74,3.14,MV,1701701278
23,mogadishu,2.0371,45.3438,29.93,79,75,5.14,SO,1701701159
24,aasiaat,68.7098,-52.8699,-10.47,84,100,1.72,GL,1701701279
25,kapit,2.0167,112.9333,23.91,99,100,0.79,MY,1701701280
26,wuwei,37.9281,102.6414,4.65,22,2,2.29,CN,1701701280
27,nemuro,43.3236,145.575,3.1,79,7,4.84,JP,1701701282
28,kuta,-8.7233,115.1723,26.97,88,40,2.24,ID,1701701283
29,edinburgh of the seven seas,-37.0676,-12.3116,16.12,91,36,8.4,SH,1701701283
30,bredasdorp,-34.5322,20.0403,21.37,48,40,7.44,ZA,1701701284
31,thompson,55.7435,-97.8558,-6.91,93,100,1.54,CA,1701701285
32,stanley,54.868,-1.6985,4.18,95,75,1.03,GB,1701701285
33,olonkinbyen,70.9221,-8.7187,-1.1,77,100,4.22,SJ,1701701286
34,hermanus,-34.4187,19.2345,19.38,62,11,5.28,ZA,1701701287
35,dazhong,33.1997,120.4578,7.41,54,1,2.7,CN,1701701288
36,rybnaya sloboda,55.4613,50.1409,-7.42,89,100,8.49,RU,1701701289
37,porkhov,57.765,29.5561,-11.86,98,100,1.11,RU,1701701289
38,lubango,-14.9172,13.4925,19.15,81,100,1.26,AO,1701701290
39,mount pearl,47.5166,-52.7813,1.09,88,100,5.14,CA,1701701291
40,kindu,-2.95,25.95,25.36,77,95,1.3,CD,1701701291
41,jamestown,42.097,-79.2353,3.34,91,100,4.63,US,1701701070
42,lebu,-37.6167,-73.65,14.7,64,0,8.74,CL,1701701293
43,cerro de ortega,18.75,-103.7667,23.5,81,100,1.85,MX,1701701293
44,polyarnyy,69.1989,33.4478,-6.58,94,100,2.99,RU,1701701294
45,sitka,57.0531,-135.33,7.94,71,100,7.2,US,1701701295
46,badger,64.8,-147.5333,-18.13,81,40,0.0,US,1701701295
47,buncrana,55.1333,-7.45,6.87,80,50,4.27,IE,1701701296
48,mercedes,-34.6515,-59.4307,22.02,34,99,4.9,AR,1701701205
49,cidreira,-30.1811,-50.2056,19.27,90,100,7.41,BR,1701701298
50,lihue,21.9789,-159.3672,20.77,85,20,2.57,US,1701701298
51,burutu,5.3509,5.5076,30.73,63,33,5.03,NG,1701701299
52,el bauga,18.262,33.9081,30.99,25,0,4.36,SD,1701701300
53,aleksin,54.51,37.08,-8.54,98,68,3.53,RU,1701701024
54,minas de marcona,-15.2119,-75.1103,19.45,57,87,4.31,PE,1701701301
55,mbanza kongo,-6.267,14.2401,27.48,64,82,2.14,AO,1701701302
56,puerto natales,-51.7236,-72.4875,13.25,62,40,8.23,CL,1701701303
57,isafjordur,66.0755,-23.124,-1.98,80,40,0.0,IS,1701701303
58,kidal,18.4411,1.4078,31.68,7,2,1.7,ML,1701701304
59,jayapura,-2.5333,140.7,25.66,88,100,1.29,ID,1701701305
60,cobija,-11.0267,-68.7692,29.1,74,75,4.12,BO,1701701306
61,vanino,49.0869,140.2543,-6.15,87,100,1.57,RU,1701701306
62,bethel,41.3712,-73.414,8.97,81,0,3.6,US,1701701276
63,ribeira grande,38.5167,-28.7,17.22,59,40,6.71,PT,1701701308
64,papatowai,-46.5619,169.4708,5.3,82,16,1.68,NZ,1701701308
65,lensk,60.7253,114.9278,-28.02,96,100,3.97,RU,1701701309
66,yellowknife,62.456,-114.3525,-13.71,85,100,5.14,CA,1701701309
67,hasaki,35.7333,140.8333,2.22,45,5,1.71,JP,1701701310
68,tiksi,71.6872,128.8694,-31.83,97,99,3.05,RU,1701701311
69,port sudan,19.6175,37.2164,28.35,69,1,4.98,SD,1701701312
70,aitape,-3.1374,142.3475,25.86,89,99,1.12,PG,1701701312
71,albany,42.6001,-73.9662,7.52,93,85,3.01,US,1701701313
72,faya-largeau,17.9257,19.1043,33.94,8,0,8.23,TD,1701701314
73,el alto,-4.2714,-81.2147,22.81,72,80,2.66,PE,1701701314
74,sergeyevka,53.88,67.4158,-5.35,95,100,6.98,KZ,1701701315
75,undurkhaan,47.3194,110.6556,-6.06,79,68,5.98,MN,1701701316
76,hadibu,12.65,54.0333,25.73,67,16,8.02,YE,1701701316
77,san juan de miraflores,-12.1629,-76.9635,22.87,74,54,3.85,PE,1701701317
78,waitangi,-43.9535,-176.5597,9.9,79,63,0.89,NZ,1701701318
79,longyearbyen,78.2186,15.6401,-6.09,68,75,7.2,SJ,1701701319
80,palapag,12.5458,125.1147,25.87,90,24,3.3,PH,1701701319
81,puerto baquerizo moreno,-0.9,-89.6,23.55,94,100,4.12,EC,1701701320
82,vadso,70.0744,29.7487,-3.91,93,75,2.06,NO,1701701321
83,gisborne,-38.6533,178.0042,14.03,94,100,5.18,NZ,1701701321
84,bairnsdale,-37.8333,147.6167,18.36,85,75,2.7,AU,1701701322
85,kikwit,-5.041,18.8162,26.68,80,46,1.31,CD,1701701323
86,huarmey,-10.0681,-78.1522,22.09,76,27,3.83,PE,1701701324
87,bennington,42.8781,-73.1968,6.65,87,93,5.17,US,1701701225
88,barcelos,41.5388,-8.6151,14.27,80,25,4.36,PT,1701701170
89,kuala terengganu,5.3302,103.1408,25.97,94,40,2.06,MY,1701701326
90,uturoa,-16.7333,-151.4333,26.38,80,100,9.53,PF,1701701326
91,lautoka,-17.6167,177.4667,24.92,78,20,1.54,FJ,1701701203
92,greymouth,-42.4667,171.2,10.25,89,21,1.94,NZ,1701701327
93,labuan,5.2767,115.2417,27.2,89,20,0.0,MY,1701701328
94,slyudyanka,51.6594,103.7061,-3.71,88,97,0.8,RU,1701701329
95,usinsk,65.9939,57.5281,-22.74,98,59,4.92,RU,1701701329
96,kingston,17.997,-76.7936,32.36,65,20,1.03,JM,1701701330
97,el granada,37.5027,-122.4694,12.97,94,75,1.54,US,1701701331
98,klyuchi,52.2667,79.1667,-8.25,77,100,3.37,RU,1701701332
99,utrik,11.2278,169.8474,27.51,71,90,8.85,MH,1701701332
100,vorgashor,67.5833,63.95,-27.56,92,5,2.57,RU,1701701333
101,gao,16.6362,1.637,33.45,7,10,2.81,ML,1701701334
102,kodiak,57.79,-152.4072,5.73,87,100,4.63,US,1701701334
103,timimoun,29.2639,0.231,20.21,28,0,5.14,DZ,1701701335
104,island harbour,50.724,-1.2758,10.18,94,100,1.34,GB,1701701336
105,port lincoln,-34.7333,135.8667,17.42,81,82,5.04,AU,1701701336
106,wailua homesteads,22.0669,-159.378,20.44,85,20,2.57,US,1701701337
107,puerto ayora,-0.7393,-90.3518,25.98,94,90,3.13,EC,1701701338
108,cruzeiro do sul,-29.5128,-51.9853,19.73,90,100,3.31,BR,1701701338
109,przeworsk,50.0591,22.4941,-2.98,93,8,2.01,PL,1701701339
110,sola,-13.8833,167.55,26.83,83,100,7.4,VU,1701701340
111,ushuaia,-54.8,-68.3,12.81,58,0,3.6,AR,1701701340
112,okha,53.5739,142.9478,-9.26,88,100,3.29,RU,1701701341
113,thaton,16.9206,97.3714,26.84,73,92,1.11,MM,1701701341
114,hamada,34.8833,132.0833,9.12,65,95,3.58,JP,1701701342
115,talghar,43.3044,77.2328,2.03,100,100,2.0,KZ,1701701343
116,mayna,54.1135,47.6231,-9.3,89,100,7.31,RU,1701701344
117,pontes e lacerda,-15.2261,-59.3353,34.93,40,98,2.3,BR,1701701345
118,baskale,38.0453,44.0172,2.12,40,100,1.17,TR,1701701345
119,port macquarie,-31.4333,152.9167,16.42,89,18,1.71,AU,1701701346
120,qarauyl,48.9451,79.255,-5.31,68,80,0.58,KZ,1701701347
121,port mathurin,-19.6833,63.4167,26.05,81,2,4.77,MU,1701701348
122,chonchi,-42.6128,-73.8092,13.56,57,49,2.35,CL,1701701267
123,udachny,66.4167,112.4,-37.53,73,99,1.37,RU,1701701349
124,thohoyandou,-22.9456,30.485,32.84,19,27,3.96,ZA,1701701350
125,sandnessjoen,66.0217,12.6316,-5.94,93,75,3.6,NO,1701701350
126,khandyga,62.6667,135.6,-49.02,100,90,0.3,RU,1701701351
127,avarua,-21.2078,-159.775,23.03,88,40,0.51,CK,1701701352
128,holualoa,19.6228,-155.9522,23.26,80,0,0.45,US,1701701252
129,bloomingdale,27.8936,-82.2404,25.57,96,75,2.57,US,1701701353
130,paradip garh,20.3167,86.6167,25.08,62,100,2.77,IN,1701701354
131,arawa,-6.2132,155.5367,25.47,89,100,2.78,PG,1701701355
132,williams lake,52.1415,-122.1445,0.76,89,100,4.63,CA,1701701355
133,afaahiti,-17.75,-149.2833,24.93,78,99,7.57,PF,1701701357
134,pokrov,55.92,39.1769,-8.08,93,100,3.59,RU,1701701357
135,charlotte amalie,18.3419,-64.9307,28.85,74,20,6.69,VI,1701701358
136,port alfred,-33.5906,26.891,21.77,79,39,2.68,ZA,1701701358
137,mingyue,43.1069,128.9217,-4.42,97,56,1.2,CN,1701701359
138,prince rupert,54.3161,-130.3201,8.83,71,100,9.26,CA,1701701360
139,pindushi,62.9152,34.58,-20.91,100,94,0.73,RU,1701701360
140,al bayda',32.7627,21.7551,14.61,70,6,4.78,LY,1701701362
141,manay,7.215,126.5397,25.56,84,100,2.83,PH,1701701362
142,baruun-urt,46.6806,113.2792,-7.22,77,20,8.3,MN,1701701363
143,ponta delgada,37.7333,-25.6667,18.44,63,75,4.47,PT,1701701285
144,jaithari,23.2333,78.6167,22.17,64,84,2.52,IN,1701701364
145,georgetown,5.4112,100.3354,27.96,89,40,2.57,MY,1701701337
146,margaret river,-33.95,115.0667,14.84,74,100,2.97,AU,1701701366
147,chibougamau,49.9168,-74.3659,-13.21,78,75,5.66,CA,1701701241
148,marine corps base hawaii - mcbh,21.4453,-157.7513,23.39,86,15,4.23,US,1701701367
149,naze,28.3667,129.4833,16.51,91,100,8.77,JP,1701701368
150,grande prairie,55.1667,-118.8027,1.1,80,75,6.17,CA,1701701086
151,kegeyli shahar,42.7767,59.6078,11.05,47,100,4.41,UZ,1701701369
152,anadyr,64.75,177.4833,-19.72,84,20,5.0,RU,1701701370
153,sebastian,35.1668,-94.2669,6.33,60,0,3.17,US,1701701196
154,monrovia,6.3005,-10.7969,31.87,63,21,3.72,LR,1701701264
155,flying fish cove,-10.4217,105.6791,25.82,83,40,3.09,CX,1701701372
156,hilo,19.7297,-155.09,21.81,97,75,2.06,US,1701701373
157,harper,4.375,-7.7169,29.05,72,21,3.6,LR,1701701374
158,stephenville,32.2207,-98.2023,7.64,52,0,1.54,US,1701701374
159,pizarro,4.9533,-77.366,27.74,82,92,1.89,CO,1701701375
160,mata-utu,-13.2816,-176.1745,28.19,76,99,7.68,WF,1701701375
161,pavlovsk,50.4578,40.1081,-3.22,67,91,4.55,RU,1701701376
162,linxi,39.7,118.4333,2.12,35,1,1.66,CN,1701701377
163,wotho,10.1657,166.0102,27.69,78,98,10.29,MH,1701701378
164,panaba,21.2833,-88.2667,26.59,83,5,2.5,MX,1701701379
165,maintirano,-18.0667,44.0167,27.94,73,91,3.67,MG,1701701380
166,bodo,67.28,14.405,-4.57,80,75,7.72,NO,1701701380
167,palombara sabina,42.0667,12.768,10.98,68,40,3.6,IT,1701701381
168,hassi messaoud,31.6804,6.0729,17.92,55,40,2.06,DZ,1701701382
169,dryden,49.7833,-92.7503,-0.84,86,100,2.06,CA,1701701383
170,kavaratti,10.5669,72.642,29.02,73,94,5.71,IN,1701701383
171,haiku-pauwela,20.9219,-156.3051,23.36,85,0,0.0,US,1701701384
172,keflavik,64.0049,-22.5624,3.24,81,100,8.23,IS,1701701385
173,airali,44.767,7.3219,4.15,88,100,1.38,IT,1701701385
174,sovetskaya gavan',48.9723,140.2878,-6.05,86,100,1.67,RU,1701701386
175,la sarre,48.8002,-79.1996,-10.35,87,53,3.33,CA,1701701356
176,talara,-4.5772,-81.2719,24.42,69,75,7.2,PE,1701701387
177,coracora,-15.0333,-73.7833,17.62,32,100,3.1,PE,1701701388
178,tsiombe,-25.3,45.4833,24.05,69,0,7.65,MG,1701701389
179,sing buri,14.85,100.2333,25.39,84,99,1.16,TH,1701701389
180,lata,40.1629,-8.3327,15.04,72,76,3.37,PT,1701701390
181,karratha,-20.7377,116.8463,25.98,75,0,4.73,AU,1701701390
182,cold lake,54.4502,-110.2017,-7.03,100,75,1.03,CA,1701701391
183,traben-trarbach,49.95,7.1167,2.96,89,75,9.26,DE,1701701393
184,teknaf,20.8624,92.3058,24.47,66,100,2.02,BD,1701701393
185,laguna,38.421,-121.4238,10.05,94,20,0.0,US,1701701394
186,el bolson,-41.9667,-71.5167,16.16,50,100,1.84,AR,1701701395
187,kota belud,6.351,116.4305,25.6,90,100,1.97,MY,1701701395
188,lerwick,60.1545,-1.1494,4.0,73,84,3.27,GB,1701701396
189,san patricio,28.017,-97.5169,16.59,46,100,3.1,US,1701701397
190,affery,6.315,-3.9603,35.36,32,6,1.18,CI,1701701398
191,ugoofaaru,5.6667,73.0,28.77,76,8,4.25,MV,1701701400
192,chinde,26.8418,88.0763,12.43,67,81,2.42,NP,1701701400
193,ola,59.5833,151.2833,-26.69,93,69,3.96,RU,1701701401
194,lowestoft,52.4752,1.7516,5.69,89,100,6.5,GB,1701701402
195,susangerd,31.5608,48.1831,20.69,31,0,3.71,IR,1701701239
196,arraial do cabo,-22.9661,-42.0278,28.98,74,40,4.63,BR,1701701404
197,north adams,42.7009,-73.1087,7.16,79,100,2.68,US,1701701405
198,matthew town,20.95,-73.6667,27.33,64,5,5.07,BS,1701701298
199,villa rica,33.7321,-84.9191,13.55,85,41,0.45,US,1701701394
200,whitehorse,60.7161,-135.0538,-8.57,86,75,7.2,CA,1701701408
201,waingapu,-9.6567,120.2641,27.31,83,93,2.63,ID,1701701409
202,mugia,43.1041,-9.2179,13.98,60,17,7.16,ES,1701701409
203,lagunas,-5.2269,-75.6753,32.09,52,98,2.1,PE,1701701410
204,port saint john's,-31.6229,29.5448,21.87,81,91,3.28,ZA,1701701411
205,margate,51.3813,1.3862,6.28,90,100,1.79,GB,1701701412
206,codrington,-38.2667,141.9667,12.73,93,100,0.11,AU,1701701412
207,pahrump,36.2083,-115.9839,9.62,45,100,0.53,US,1701701413
208,veraval,20.9,70.3667,26.98,58,8,5.11,IN,1701701414
209,kharp,66.8014,65.8081,-29.7,100,70,1.46,RU,1701701416
210,puerto leguizamo,-0.1934,-74.7819,31.19,54,67,1.99,CO,1701701416
211,slavyanka,42.8633,131.3847,1.83,74,1,3.19,RU,1701701418
212,coquimbo,-29.9533,-71.3436,17.85,67,40,5.66,CL,1701701014
213,rurrenabaque,-14.4413,-67.5278,26.83,83,75,1.54,BO,1701701419
214,kourou,5.1552,-52.6478,31.03,66,45,3.8,GF,1701701420
215,mahina,-17.5065,-149.489,25.87,78,75,1.54,PF,1701701420
216,east london,-33.0153,27.9116,17.52,100,100,4.12,ZA,1701701241
217,kungalv,57.871,11.9805,-1.57,93,77,1.52,SE,1701701422
218,lazaro cardenas,17.9583,-102.2,25.78,78,100,1.72,MX,1701701375
219,lethem,3.3803,-59.7968,34.25,40,56,5.63,GY,1701701423
220,port elizabeth,-33.918,25.5701,22.16,60,0,9.26,ZA,1701701424
221,rajapolah,-7.221,108.1896,22.59,98,100,1.26,ID,1701701439
222,lichuan,30.3,108.85,4.63,93,14,0.24,CN,1701701440
223,hamilton,39.1834,-84.5333,3.88,89,100,3.09,US,1701701254
224,chernyshevskiy,63.0128,112.4714,-41.42,99,93,1.98,RU,1701701441
225,amqui,48.4638,-67.4313,-5.45,81,100,2.29,CA,1701701442
226,dwarka,22.2394,68.9678,25.21,45,2,8.32,IN,1701701443
227,sferracavallo,42.726,12.0956,10.45,84,100,2.69,IT,1701701443
228,alto barinas,8.5931,-70.2261,32.25,43,75,3.73,VE,1701701444
229,banda aceh,5.5577,95.3222,26.53,87,86,2.61,ID,1701701445
230,enriquillo,17.9,-71.2333,28.82,68,15,5.13,DO,1701701446
231,tamanrasset,22.785,5.5228,24.95,9,0,2.57,DZ,1701701447
232,mejit,10.2753,170.8646,27.15,79,100,8.63,MH,1701701448
233,churachandpur,24.3333,93.6667,16.19,70,100,0.22,IN,1701701449
234,karaj,35.8355,51.0103,12.09,22,0,3.09,IR,1701701238
235,nyurba,63.2842,118.3319,-47.59,100,69,1.94,RU,1701701450
236,sharkan,57.2989,53.8712,-1.95,97,100,4.99,RU,1701701451
237,taco pozo,-25.6167,-63.2833,12.43,95,100,4.46,AR,1701701452
238,puerto deseado,-47.7503,-65.8938,14.66,50,12,3.26,AR,1701701452
239,rio grande,-32.035,-52.0986,23.06,59,92,8.4,BR,1701701427
240,recani,31.2846,-4.2688,19.79,30,22,4.58,MA,1701701454
241,urazovo,50.0836,38.0395,-3.3,67,26,3.57,RU,1701701454
242,mwanza,-2.5167,32.9,24.03,73,40,5.14,TZ,1701701455
243,kone,-21.0595,164.8658,23.65,83,65,1.61,NC,1701701456
244,khanskaya,44.677,39.9616,11.25,72,100,3.01,RU,1701701456
245,san antonio de pale,-1.4014,5.6325,27.37,76,99,2.96,GQ,1701701457
246,saint-philippe,-21.3585,55.7679,25.77,72,51,3.04,RE,1701701458
247,dudinka,69.4058,86.1778,-30.77,96,58,2.68,RU,1701701459
248,pauini,-7.7136,-66.9764,28.39,81,100,0.87,BR,1701701459
249,midvagur,62.0511,-7.1939,2.46,80,20,3.09,FO,1701701460
250,capao da canoa,-29.7456,-50.0097,20.12,91,100,5.96,BR,1701701461
251,necochea,-38.5473,-58.7368,18.92,29,0,2.6,AR,1701701462
252,lewiston orchards,46.3804,-116.9754,8.48,90,75,2.57,US,1701701463
253,tongren,27.7172,109.1853,11.57,89,16,0.42,CN,1701701464
254,tura,25.5198,90.2201,17.71,82,79,1.74,IN,1701701464
255,walvis bay,-22.9575,14.5053,19.49,58,37,8.16,NA,1701701465
256,moab,38.5733,-109.5498,3.6,69,18,1.31,US,1701701467
257,saldanha,-33.0117,17.9442,23.03,65,1,8.7,ZA,1701701467
258,sinjai,-5.1241,120.253,25.38,87,100,1.62,ID,1701701468
259,bardai,11.65,7.2333,32.63,11,100,3.94,NG,1701701469
260,berdigestyakh,62.0989,126.6992,-45.04,99,60,1.67,RU,1701701469
261,cannonvale,-20.2833,148.7,26.66,85,24,3.45,AU,1701701470
262,san luis potosi,22.5,-100.5,14.41,74,100,1.02,MX,1701701358
263,al hasakah,36.5024,40.7477,15.75,49,18,2.67,SY,1701701472
264,nagyatad,46.2296,17.3579,1.12,53,100,4.78,HU,1701701472
265,talnakh,69.4865,88.3972,-31.0,81,90,0.21,RU,1701701473
266,orvieto,42.7195,12.1116,9.5,84,100,2.65,IT,1701701474
267,colonia,50.9333,6.95,2.68,81,75,7.2,DE,1701701351
268,college,64.8569,-147.8028,-18.08,78,40,0.0,US,1701701476
269,dumai,1.6833,101.45,25.02,94,93,1.33,ID,1701701476
270,carandai,-20.9536,-43.8064,27.02,62,94,2.62,BR,1701701477
271,sisimiut,66.9395,-53.6735,-5.7,76,100,2.71,GL,1701701478
272,cidade velha,14.9167,-23.6167,29.26,58,20,8.23,CV,1701701479
273,taitung city,22.7583,121.1444,23.15,100,75,1.54,TW,1701701480
274,yaren,-0.5472,166.916,27.31,83,99,7.04,NR,1701701481
275,tilcara,-23.5776,-65.3509,13.16,73,89,2.67,AR,1701701482
276,hammerfest,70.6634,23.6821,-4.75,93,20,0.0,NO,1701701483
277,sishui,35.6489,117.2758,6.93,41,32,0.85,CN,1701701483
278,bathsheba,13.2167,-59.5167,29.34,70,20,7.2,BB,1701701484
279,kristiansund,63.1115,7.732,-1.97,86,40,1.54,NO,1701701486
280,inari,68.906,27.0288,-7.89,97,100,1.07,FI,1701701486
281,aykhal,66.0,111.5,-35.45,99,100,2.61,RU,1701701487
282,jinchang,38.4953,102.1739,3.82,24,0,3.15,CN,1701701487
283,song cau,13.45,109.2167,24.07,92,25,3.15,VN,1701701488
284,touros,-5.1989,-35.4608,30.08,62,44,5.49,BR,1701701489
285,tolanaro,-25.0319,46.9987,26.04,65,75,8.23,MG,1701701490
286,benguela,-12.5763,13.4055,27.56,68,100,2.37,AO,1701701490
287,antonio enes,-16.2325,39.9086,27.43,69,61,4.78,MZ,1701701491
288,altania,-23.8744,-53.9017,26.54,74,92,2.59,BR,1701701492
289,invercargill,-46.4,168.35,3.34,93,3,1.8,NZ,1701701443
290,bosaso,11.2842,49.1816,26.0,62,89,6.46,SO,1701701493
291,pombas,17.1503,-25.0201,27.88,76,31,6.1,CV,1701701494
292,floro,61.5996,5.0328,-1.02,74,40,3.09,NO,1701701495
293,bychawa,51.0161,22.533,-5.08,96,19,2.52,PL,1701701496
294,suining,30.508,105.5733,13.14,74,33,1.53,CN,1701701497
295,fonte boa,-2.4959,-66.2662,25.43,93,94,0.19,BR,1701701498
296,chernogorsk,53.8236,91.2842,-8.24,53,0,9.0,RU,1701701499
297,estevan,49.1334,-102.9842,-1.81,93,100,2.57,CA,1701701499
298,twon-brass,4.3151,6.2418,28.47,74,55,3.78,NG,1701701261
299,monaghan,54.25,-6.9667,5.22,87,100,5.6,IE,1701701501
300,wichian buri,15.6578,101.106,25.96,69,95,1.06,TH,1701701501
301,la'ie,21.6477,-157.9253,23.39,82,9,2.24,US,1701701502
302,portland,45.5234,-122.6762,14.89,94,100,4.92,US,1701701092
303,enewetak,11.3474,162.3373,27.71,70,100,8.81,MH,1701701503
304,bac lieu,9.285,105.7244,25.68,86,87,4.47,VN,1701701504
305,malabo,3.75,8.7833,27.77,80,81,1.57,GQ,1701701505
306,iskateley,67.6803,53.1512,-22.21,95,63,4.02,RU,1701701506
307,atafu village,-8.5421,-172.5159,28.81,77,72,7.11,TK,1701701506
308,glace bay,46.1969,-59.957,2.76,95,100,7.2,CA,1701701400
309,ancud,-41.8697,-73.8203,13.73,65,2,2.52,CL,1701701508
310,freeport,40.6576,-73.5832,11.21,73,0,5.14,US,1701701508
311,gryfice,53.9165,15.2003,-2.76,92,100,3.32,PL,1701701509
312,senahu,15.4,-89.8333,16.74,91,85,0.51,GT,1701701510
313,forecariah,9.4306,-13.0881,34.86,40,64,2.24,GN,1701701510
314,zahedan,29.4963,60.8629,14.95,26,0,2.06,IR,1701701511
315,luderitz,-26.6481,15.1594,23.35,49,1,14.59,NA,1701701512
316,new norfolk,-42.7826,147.0587,14.4,91,77,1.46,AU,1701701512
317,ruidoso,33.3317,-105.673,7.51,42,0,5.14,US,1701701513
318,saint-pierre,-21.3393,55.4781,25.82,69,100,4.63,RE,1701701514
319,brisas de zicatela,15.8369,-97.0419,27.93,62,81,1.88,MX,1701701514
320,colares,38.7992,-9.4469,17.81,72,40,14.31,PT,1701701515
321,smithers,54.7804,-127.1743,0.18,93,20,4.12,CA,1701701516
322,lagos,6.5833,3.75,34.18,49,0,3.45,NG,1701701516
323,ilhabela,-23.7781,-45.3581,27.96,70,32,1.74,BR,1701701517
324,la passe,45.5549,-0.8967,11.68,74,14,12.2,FR,1701701517
325,betio village,1.358,172.9211,26.02,80,100,5.36,KI,1701701518
326,alburquerque,39.2208,-7.0023,14.38,69,95,3.02,ES,1701701519
327,rongelap,11.1635,166.8941,27.54,76,79,9.59,MH,1701701519
328,pundong,-7.9522,110.3486,25.43,90,100,0.83,ID,1701701520
329,mahajanga,-15.7167,46.3167,31.01,66,20,4.63,MG,1701701521
330,isla del bosque,22.7333,-105.85,22.75,41,52,1.16,MX,1701701522
331,selfoss,63.9331,-20.9971,-1.4,66,100,3.51,IS,1701701522
332,bida,9.0833,6.0167,37.38,10,52,1.04,NG,1701701523
333,tromso,69.6496,18.957,-1.99,93,75,2.57,NO,1701701524
334,puerto aysen,-45.4,-72.7,11.4,94,100,0.63,CL,1701701524
335,kamensk-ural'skiy,56.4185,61.9329,-5.95,95,100,5.34,RU,1701701525
336,belo sur tsiribihina,-19.7,44.55,28.6,67,15,3.65,MG,1701701526
337,ciudad insurgentes,25.2625,-111.7753,17.85,24,0,0.97,MX,1701701527
338,crane,31.3974,-102.3501,8.48,33,0,4.03,US,1701701527
339,natal,-5.795,-35.2094,31.36,62,40,6.69,BR,1701701346
340,pomuch,20.1333,-90.1833,27.15,77,9,1.58,MX,1701701529
341,as samawah,31.332,45.2944,21.25,28,3,3.56,IQ,1701701530
342,rudbar,30.15,62.6,17.38,24,0,2.37,AF,1701701530
343,viana do castelo,41.6932,-8.8329,13.42,75,35,5.47,PT,1701701531
344,howard springs,-12.497,131.047,26.95,95,100,1.24,AU,1701701532
345,markovo,57.3206,107.0881,-3.29,86,100,5.87,RU,1701701532
346,poyang,28.9924,116.6675,11.0,84,0,2.98,CN,1701701533
347,monte alegre,-2.0078,-54.0692,32.53,49,97,2.75,BR,1701701533
348,chulakkurgan,43.765,69.1814,7.68,77,100,1.22,KZ,1701701534
349,mar del plata,-38.0023,-57.5575,17.51,56,20,2.68,AR,1701701282
350,wad rawah,15.1603,33.1397,33.16,22,2,4.12,SD,1701701536
351,am timan,11.0297,20.2827,34.47,16,100,1.11,TD,1701701536
352,ak'ordat,15.5486,37.8867,33.24,24,1,4.27,ER,1701701537
353,tazovsky,67.4667,78.7,-34.54,99,7,2.6,RU,1701701538
354,houghton,47.1219,-88.569,-0.1,85,20,2.06,US,1701701473
355,gizo,-8.103,156.8419,26.59,85,100,8.98,SB,1701701539
356,revda,56.801,59.9303,-5.22,96,100,2.14,RU,1701701403
357,onguday,50.75,86.15,-7.02,68,100,1.51,RU,1701701541
358,tshabong,-26.05,22.45,34.58,18,64,9.76,BW,1701701542
359,damghan,36.1683,54.348,10.68,36,0,1.6,IR,1701701542
360,mount isa,-20.7333,139.5,22.87,64,2,0.0,AU,1701701543
361,mossoro,-5.1875,-37.3442,33.97,46,40,4.63,BR,1701701544
362,ta`u,-14.2336,-169.5144,27.25,76,26,9.66,AS,1701701545
363,tazacorte,28.629,-17.9293,21.54,93,20,2.68,ES,1701701545
364,katol,21.2667,78.5833,22.76,60,100,2.95,IN,1701701547
365,kousseri,12.0769,15.0306,37.98,8,0,3.6,CM,1701701548
366,ulsteinvik,62.3432,5.8487,0.07,77,30,0.89,NO,1701701548
367,grand-lahou,5.1367,-5.0242,29.37,69,10,3.94,CI,1701701549
368,morehead city,34.7229,-76.726,16.13,88,0,0.89,US,1701701456
369,al fuwayliq,26.4432,43.2534,21.67,33,35,4.02,SA,1701701550
370,kapuskasing,49.4169,-82.4331,-20.95,84,20,2.06,CA,1701701551
371,nieuw amsterdam,5.8833,-55.0833,32.23,70,40,3.09,SR,1701701552
372,al burayqah,30.4062,19.5739,20.11,67,6,9.55,LY,1701701552
373,sampit,-2.5333,112.95,23.81,98,95,0.57,ID,1701701553
374,broken hill,-31.95,141.4333,28.48,20,0,4.78,AU,1701701387
375,ust-nera,64.5667,143.2,-43.09,98,97,2.01,RU,1701701554
376,gadzhiyevo,69.2551,33.3362,-7.18,95,100,2.94,RU,1701701555
377,kinana,14.0361,33.1712,33.94,17,8,3.48,SD,1701701556
378,asau,46.4333,26.4,-2.49,58,2,1.47,RO,1701701556
379,maracaibo,10.6317,-71.6406,30.69,57,7,2.05,VE,1701701557
380,champerico,14.3,-91.9167,27.3,73,0,1.36,GT,1701701558
381,fale old settlement,-9.3852,-171.2468,28.81,76,72,6.93,TK,1701701558
382,el calafate,-50.3408,-72.2768,12.75,68,93,4.1,AR,1701701558
383,gwadar,25.1216,62.3254,26.61,32,0,6.12,PK,1701701363
384,balkanabat,39.5108,54.3671,16.47,31,36,1.02,TM,1701701540
385,anloga,5.7947,0.8973,29.7,69,0,5.24,GH,1701701561
386,nabire,-3.3667,135.4833,25.07,92,100,1.09,ID,1701701362
387,san juan,-31.5375,-68.5364,21.92,19,0,2.12,AR,1701701351
388,montagu,-40.7667,144.9667,12.76,95,45,1.74,AU,1701701563
389,konarka,19.9,86.1167,26.22,66,100,3.14,IN,1701701564
390,campbell river,50.0163,-125.2446,7.74,100,100,6.69,CA,1701701452
391,villa bruzual,9.3328,-69.1208,31.33,49,21,2.02,VE,1701701565
392,constitucion,-35.3333,-72.4167,18.27,52,0,3.08,CL,1701701266
393,nova sintra,14.8667,-24.7167,22.69,78,18,8.1,CV,1701701566
394,andergrove,-21.0833,149.1833,27.03,86,21,2.5,AU,1701701567
395,wake village,33.4268,-94.1063,8.92,51,0,3.6,US,1701701311
396,bayanhongor,46.7167,100.1167,-10.54,68,81,3.75,MN,1701701568
397,port-vila,-17.7338,168.3219,25.24,89,98,4.04,VU,1701701569
398,meadow lake,34.8014,-106.5436,5.27,54,79,1.72,US,1701701569
399,ludvika,60.1496,15.1878,-11.11,97,50,1.07,SE,1701701570
400,robertson,36.5167,-86.8667,11.37,77,0,7.2,US,1701701439
401,boqueirao,-7.5,-36.1333,30.75,35,59,3.78,BR,1701701571
402,juan griego,11.0817,-63.9655,28.65,70,2,7.75,VE,1701701572
403,kangding,30.0513,101.9603,5.06,88,95,0.94,CN,1701701573
404,koumra,8.9126,17.5539,35.51,22,100,1.12,TD,1701701573
405,westport,41.1415,-73.3579,11.05,88,0,3.09,US,1701701574
406,outjo,-20.1167,16.15,22.7,64,100,3.05,NA,1701701575
407,jimenez,28.3333,-105.4,12.88,26,0,0.75,MX,1701701575
408,barla,44.4333,24.7667,2.36,72,75,2.38,RO,1701701576
409,orkney,-26.9802,26.6727,34.64,11,100,6.35,ZA,1701701577
410,warrnambool,-38.3833,142.4833,13.47,90,100,0.49,AU,1701701578
411,san jose de jachal,-30.2406,-68.7469,18.94,21,0,2.71,AR,1701701578
412,lundazi,-12.2929,33.1782,26.89,46,82,2.99,ZM,1701701579
413,ribeira brava,32.65,-17.0667,22.78,94,95,3.89,PT,1701701579
414,carnarvon,-24.8667,113.6333,23.86,79,3,11.86,AU,1701701580
415,mishelevka,52.8575,103.1719,-7.45,74,51,4.43,RU,1701701581
416,soio,-6.1349,12.3689,28.63,68,77,4.56,AO,1701701581
417,tianshui,34.5439,105.6897,4.7,42,30,1.88,CN,1701701582
418,airuk,7.2772,168.8203,27.42,83,100,9.54,MH,1701701582
419,lichinga,-13.3128,35.2406,26.05,61,40,6.26,MZ,1701701583
420,steamboat springs,40.485,-106.8317,-0.17,95,100,0.89,US,1701701584
421,eynesil,41.0645,39.1438,15.12,68,100,4.17,TR,1701701585
422,jiuquan,39.7432,98.5174,0.18,33,0,2.2,CN,1701701586
423,guiuan,11.0333,125.7247,27.82,82,53,6.23,PH,1701701587
424,zhangye,38.9342,100.4517,0.37,31,0,1.59,CN,1701701588
425,shenjiamen,29.9576,122.298,12.65,84,95,3.26,CN,1701701588
426,newman,37.3138,-121.0208,9.05,90,99,0.95,US,1701701589
427,san ignacio de velasco,-16.3667,-60.95,27.07,83,91,2.46,BO,1701701590
428,kayangel,8.0823,134.7173,28.7,77,81,7.16,PW,1701701591
429,praia da vitoria,38.7333,-27.0667,18.14,55,40,4.14,PT,1701701592
430,general acha,-37.377,-64.6043,22.78,17,0,6.45,AR,1701701592
431,kayyerkan,69.3786,87.7439,-30.95,74,71,0.57,RU,1701701593
432,wanning,18.8003,110.3967,22.26,91,95,3.76,CN,1701701594
433,sayan,-11.1361,-77.1933,26.22,51,25,3.65,PE,1701701595
434,takoradi,4.8845,-1.7554,29.28,70,10,4.01,GH,1701701595
435,ushirombo,-3.4919,31.9639,22.21,87,77,1.9,TZ,1701701596
436,malango,-2.9627,119.9001,19.86,97,80,1.12,ID,1701701597
437,lompoc,34.6391,-120.4579,15.43,90,0,3.6,US,1701701597
438,san jose de las matas,19.3391,-70.9382,24.16,42,17,2.7,DO,1701701599
439,kovdor,67.5662,30.4758,-10.81,97,100,1.12,RU,1701701600
440,san luis de la loma,17.2706,-100.8939,26.85,66,89,0.91,MX,1701701600
441,papao,-17.75,-149.55,25.82,80,96,8.67,PF,1701701601
442,arteche,12.2645,125.4048,26.25,89,30,3.6,PH,1701701602
443,lobujya,27.95,86.8167,-10.65,91,73,2.68,NP,1701701603
444,phalaborwa,-23.943,31.1411,35.6,21,0,2.29,ZA,1701701603
445,boyolangu,-8.1181,111.8935,24.93,92,100,1.33,ID,1701701604
446,lamar,33.6668,-95.5836,9.24,58,0,3.6,US,1701701605
447,khanty-mansiysk,61.0042,69.0019,-25.94,70,0,2.0,RU,1701701606
448,buala,-8.145,159.5921,27.06,86,100,7.9,SB,1701701606
449,fort st. john,56.2499,-120.8529,1.94,69,20,10.8,CA,1701701607
450,truro,50.2653,-5.0544,8.24,80,75,14.92,GB,1701701608
451,bryne,58.7354,5.6477,1.1,79,0,1.54,NO,1701701609
452,togur,58.3631,82.8265,-25.68,95,7,3.45,RU,1701701610
453,renqiu,38.6989,116.0936,3.25,35,0,1.26,CN,1701701610
454,vilyuysk,63.7553,121.6247,-42.22,99,91,1.79,RU,1701701611
455,mili,6.0815,171.735,28.15,81,69,8.58,MH,1701701612
456,kalmunai,7.4167,81.8167,26.23,88,100,4.79,LK,1701701612
457,la spezia,44.1105,9.8434,7.89,75,100,2.57,IT,1701701613
458,atoka,34.4001,-96.0169,4.27,50,0,3.32,US,1701701613
459,moyale,3.5167,39.0584,24.92,46,34,4.28,KE,1701701614
460,khulm,36.6974,67.6983,15.45,34,0,3.34,AF,1701701615
461,amnat charoen,15.9167,104.75,23.49,76,80,5.82,TH,1701701616
462,alofi,-19.0595,-169.9187,22.94,94,9,7.52,NU,1701701617
463,kununurra,-15.7667,128.7333,25.99,89,40,1.54,AU,1701701618
464,sur,22.5667,59.5289,25.22,64,0,5.23,OM,1701701618
465,susuman,62.7833,148.1667,-36.12,100,100,0.89,RU,1701701619
466,vilyuchinsk,52.9306,158.4028,-6.71,86,73,1.58,RU,1701701620
467,bako,5.7833,36.5667,22.39,62,56,1.32,ET,1701701620
468,ca mau,9.1769,105.15,24.55,89,95,2.23,VN,1701701621
469,lakhipur,26.0299,90.3041,19.79,75,93,1.18,IN,1701701623
470,barrouallie,13.2333,-61.2667,28.79,70,40,5.14,VC,1701701623
471,pavilosta,56.8879,21.1859,-1.05,72,100,6.02,LV,1701701624
472,christchurch,-43.5333,172.6333,10.85,84,100,1.54,NZ,1701701598
473,nantucket,41.2835,-70.0995,8.94,91,40,5.66,US,1701701625
474,constantia,44.1833,28.65,1.5,56,53,2.08,RO,1701701627
475,pimentel,-6.8367,-79.9342,23.16,68,0,4.12,PE,1701701627
476,laranjeiras do sul,-25.4078,-52.4161,26.56,69,85,1.21,BR,1701701628
477,rawson,-43.3002,-65.1023,20.89,22,97,3.47,AR,1701701629
478,maquoketa,42.0689,-90.6657,1.83,74,100,1.44,US,1701701629
479,portage,41.1667,-81.1998,3.82,88,100,2.06,US,1701701630
480,barra do corda,-5.5,-45.25,36.08,39,99,1.6,BR,1701701528
481,darwin,-12.4611,130.8418,26.99,88,75,1.03,AU,1701701510
482,letlhakeng,-24.0944,25.0298,36.82,7,92,2.53,BW,1701701632
483,pudozh,61.8099,36.5345,-14.47,98,98,1.34,RU,1701701633
484,manavgat,36.7867,31.4431,18.73,62,100,2.83,TR,1701701633
485,nar'yan-mar,67.6713,53.087,-22.16,95,68,4.02,RU,1701701634
486,la gi,10.6667,107.7833,25.23,86,100,4.82,VN,1701701635
487,severo-yeniseyskiy,60.3725,93.0408,-22.46,97,100,2.68,RU,1701701635
488,zeya,53.75,127.2667,-16.95,92,62,1.96,RU,1701701636
489,la mira,18.035,-102.3266,25.75,77,100,1.47,MX,1701701637
490,broome,42.2506,-75.833,7.01,84,100,5.14,US,1701701638
491,port douglas,-16.4833,145.4667,25.77,85,81,2.26,AU,1701701638
492,raja,8.4596,25.678,34.04,17,35,1.99,SS,1701701639
493,ulanhot,46.0833,122.0833,-9.05,82,7,2.81,CN,1701701640
494,tabou,4.423,-7.3528,29.16,71,11,3.7,CI,1701701641
495,argo,37.6333,22.7333,17.1,80,100,2.77,GR,1701701641
496,cangzhou,38.3167,116.8667,3.88,31,0,1.87,CN,1701701642
497,morondava,-20.2833,44.2833,28.41,70,18,5.48,MG,1701701643
498,baksanenok,43.6897,43.6547,12.51,62,55,1.0,RU,1701701644
499,ipora,-16.4419,-51.1178,27.56,60,96,3.24,BR,1701701645
500,freetown,8.484,-13.2299,29.02,70,22,3.66,SL,1701701646
501,falam,22.9167,93.6833,15.46,78,100,0.75,MM,1701701647
502,mana,5.6592,-53.7767,30.04,65,26,4.43,GF,1701701648
503,jwaneng,-24.6004,24.7303,36.09,8,92,2.86,BW,1701701648
504,kalat,29.0225,66.5916,7.26,41,0,1.81,PK,1701701649
505,valle hermoso,25.6667,-97.8333,16.92,56,100,1.08,MX,1701701650
506,saudarkrokur,65.7461,-19.6394,-3.97,65,49,3.03,IS,1701701651
507,elliot lake,46.3834,-82.6331,-5.13,65,74,3.44,CA,1701701651
508,kailua-kona,19.6406,-155.9956,25.33,84,0,0.45,US,1701701652
509,manzini,-26.25,31.5,33.62,22,0,4.16,SZ,1701701653
510,mitu,1.1983,-70.1733,26.94,90,77,1.47,CO,1701701403
511,itoman,26.1247,127.6694,21.21,94,100,8.75,JP,1701701654
512,siavonga,-16.5382,28.7088,34.34,29,55,2.08,ZM,1701701655
513,manakara,-22.1333,48.0167,24.51,72,86,3.48,MG,1701701656
514,preobrazheniye,42.9019,133.9064,0.37,86,5,3.59,RU,1701701657
515,salalah,17.0151,54.0924,31.05,25,0,7.2,OM,1701701657
516,ceeldheer,3.8488,47.1806,27.28,65,46,8.77,SO,1701701658
517,villa mercedes,-33.6757,-65.4578,17.56,40,57,8.29,AR,1701701659
518,naco,31.3347,-109.9483,7.86,36,5,1.04,MX,1701701660
519,balezino,57.9796,53.0106,-6.86,96,100,2.36,RU,1701701661
520,swift current,50.2834,-107.8014,-1.55,93,100,9.26,CA,1701701662
521,vernon,50.2581,-119.2691,1.45,91,100,2.57,CA,1701701663
522,plymouth,41.8334,-70.8328,8.86,91,100,0.45,US,1701701660
523,bandrele,-12.9067,45.1914,27.86,78,0,0.51,YT,1701701664
524,weligama,5.9667,80.4167,25.7,91,100,2.5,LK,1701701461
525,sorong,-0.8833,131.25,26.28,86,49,2.64,ID,1701701666
526,richards bay,-28.783,32.0377,28.28,62,69,6.92,ZA,1701701666
527,saint-georges,12.0564,-61.7485,29.82,74,20,8.23,GD,1701701667
528,yangquan,37.8575,113.5633,4.21,32,0,2.69,CN,1701701668
529,yerofey pavlovich,53.9667,121.9667,-13.87,96,100,0.93,RU,1701701669
530,vila franca do campo,37.7167,-25.4333,18.27,99,98,2.39,PT,1701701670
531,kalajoki,64.25,23.95,-7.83,97,98,1.29,FI,1701701670
532,huazhou,21.6333,110.5833,19.57,69,100,3.18,CN,1701701672
533,mandalgovi,45.7625,106.2708,-3.08,59,18,6.38,MN,1701701673
534,cabo san lucas,22.8909,-109.9124,21.4,29,0,2.01,MX,1701701649
535,muravlenko,63.7898,74.523,-30.46,99,28,3.24,RU,1701701674
536,yatagan,37.3403,28.1428,15.51,82,1,1.1,TR,1701701675
537,kapshagay,43.8833,77.0833,6.36,92,96,1.55,KZ,1701701677
538,ivdel',60.6911,60.4206,-16.01,94,100,1.79,RU,1701701678
539,kismayo,-0.3582,42.5454,28.3,77,65,6.08,SO,1701701679
540,geraldton,-28.7667,114.6,22.23,83,40,8.75,AU,1701701473
541,salekhard,66.53,66.6019,-35.75,100,63,2.12,RU,1701701680
542,al ain city,24.1917,55.7606,28.79,24,0,4.63,AE,1701701681
543,barra de santo antonio,-9.4047,-35.5072,30.6,67,53,5.68,BR,1701701682
544,kendari,-3.945,122.4989,25.3,90,36,1.4,ID,1701701682
545,esmeraldas,-19.7625,-44.3139,31.58,65,69,2.03,BR,1701701519
546,krasnyy chikoy,50.3643,108.7512,-2.68,86,100,5.8,RU,1701701684
547,ryotsu-minato,38.0833,138.4333,9.22,63,14,2.88,JP,1701701684
548,nanning,22.8167,108.3167,14.25,76,100,0.58,CN,1701701685
549,galliano,29.4422,-90.2992,17.22,68,100,4.21,US,1701701686
550,cuenca,-2.8833,-78.9833,20.07,56,75,2.57,EC,1701701687
551,tanjung pandan,-2.75,107.65,25.66,83,95,0.6,ID,1701701687
552,katsuura,35.1333,140.3,11.52,58,39,1.67,JP,1701701688
553,bantay,17.5847,120.3892,25.66,83,11,1.57,PH,1701701689
554,yakoruda,42.0253,23.6842,1.32,89,6,1.5,BG,1701701690
555,yuzhno-kurilsk,44.0306,145.8556,4.1,68,24,4.72,RU,1701701690
556,ebon,4.582,168.6964,28.08,80,100,5.74,MH,1701701691
557,hobe sound,27.0595,-80.1364,26.1,89,20,4.12,US,1701701503
558,nouadhibou,20.931,-17.0347,23.99,60,0,4.63,MR,1701701692
559,usogorsk,63.4106,48.6872,-16.85,99,99,1.27,RU,1701701693
560,labrador city,52.9463,-66.9114,-14.05,78,100,3.6,CA,1701701693
561,neya,58.2972,43.8681,-8.96,93,100,3.18,RU,1701701694
562,cam ranh,11.9214,109.1591,25.98,89,20,4.12,VN,1701701694
563,marataizes,-21.0433,-40.8244,28.55,71,40,6.54,BR,1701701483
564,nordborg,55.0573,9.7408,0.94,93,75,5.14,DK,1701701696
565,tucumcari,35.1717,-103.725,1.08,74,0,1.54,US,1701701696
566,nikfer,37.4054,29.1373,10.67,77,72,1.04,TR,1701701697
567,shakiso,5.75,38.9167,17.72,63,24,1.6,ET,1701701698
568,voi,-3.3945,38.563,26.43,68,100,2.38,KE,1701701698
569,ngama,11.7833,17.1667,36.32,11,56,4.93,TD,1701701699
570,wadsworth,41.0256,-81.7299,3.66,86,100,1.79,US,1701701635
571,mont-dore,-22.2833,166.5833,22.99,83,89,2.4,NC,1701701700
572,verkhnevilyuysk,63.4453,120.3167,-47.01,100,72,0.89,RU,1701701701
573,saint-joseph,-21.3667,55.6167,25.21,73,35,3.04,RE,1701701702
574,bilokurakyne,49.5341,38.7307,-2.06,61,100,3.94,UA,1701701703
575,bikenibeu village,1.3673,173.1241,25.98,94,100,6.69,KI,1701701704
576,lae,-6.7221,146.9847,25.04,85,99,2.15,PG,1701701705
577,sinabang,2.4803,96.3801,26.98,82,100,2.77,ID,1701701706
578,pionerskiy,54.9508,20.2275,0.97,80,100,8.53,RU,1701701707
579,guymon,36.6828,-101.4816,-3.0,68,0,0.0,US,1701701708
580,tayu,-6.5397,111.0518,25.37,92,79,4.01,ID,1701701709
581,pamandzi,-12.7967,45.2794,27.88,78,0,0.51,YT,1701701710
582,chulym,55.0997,80.9572,-21.52,94,75,2.1,RU,1701701711
583,port shepstone,-30.7414,30.455,22.82,83,84,5.01,ZA,1701701539
584,port blair,11.6667,92.75,27.02,89,75,1.54,IN,1701701712
585,kayenta,36.7278,-110.2546,3.66,65,69,0.84,US,1701701713
586,temirtau,50.0544,72.9483,-6.85,83,98,3.08,KZ,1701701714
587,priozersk,61.0393,30.1291,-8.84,85,100,2.0,RU,1701701715
588,tralee,52.2704,-9.7026,6.14,81,20,2.57,IE,1701701716
589,rio gallegos,-51.6226,-69.2181,17.03,45,0,14.4,AR,1701701716
590,elverum,60.8819,11.5623,-19.43,100,13,1.1,NO,1701701717
591,tomatlan,19.9333,-105.25,24.67,61,100,1.45,MX,1701701718
592,obidos,-1.9175,-55.5181,29.83,57,100,1.51,BR,1701701719
593,snyder,32.7179,-100.9176,3.19,44,0,0.0,US,1701701720
594,hutchinson,38.0608,-97.9298,0.41,80,0,2.06,US,1701701582
595,mariakani,-3.8633,39.4736,29.05,82,61,3.71,KE,1701701722
596,sao joao da barra,-21.6403,-41.0511,34.05,77,60,6.95,BR,1701701722
597,fortuna,40.5982,-124.1573,15.37,88,100,6.69,US,1701701723
598,santa ana de yacuma,-13.75,-65.4333,24.97,88,100,3.09,BO,1701701724
599,kapa'a,22.0752,-159.319,21.18,85,20,2.57,US,1701701725
600,allegan,42.5292,-85.8553,1.64,95,95,0.89,US,1701701725
601,sodankyla,67.4167,26.6,-9.54,97,100,1.02,FI,1701701726
602,lospalos,-8.5186,127.0025,23.7,91,56,1.38,TL,1701701727
